sampleId	CANCER_TISSUE	CANCER_TYPE	CANCER_TYPE_DETAILED	CTA_SELF_NEOANTIGEN	ERV_NEOANTIGEN	FUSION_NEOANTIGEN	INDEL_NEOANTIGEN	LENS_ID	METASTASIZED	MUTATION_COUNT	ONCOTREE_CODE	PRIOR_ICI_RX	RESPONSE	SAMPLE_TREATMENT	SNV_NEOANTIGEN	SOMATIC_STATUS	SPECIMEN_PRESERVATION_TYPE	SPLICE_NEOANTIGEN	TIDE_NO_BENEFITS	TIDE_RESPONDER	TMB_NONSYNONYMOUS	VIRUS_NEOANTIGEN	patientId	AGE_AT_DIAGNOSIS	CLINICAL_BENEFIT	CLINICAL_STAGE	ICI_PATHWAY	ICI_RX	ICI_TARGET	OS_MONTHS	OS_STATUS	PROGRESSION	RACE	RESPONDER	SAMPLE_COUNT	SEX	TISSUE_SUBTYPE
Pt101_on	Skin	Melanoma	Melanoma	3	0	0	0	ad-4750+ar-8835+nd-4797+nr-ctrl	TRUE	6	MEL	Ipilimumab	Partial Response	On	0	Matched	False FFPE	12	FALSE	TRUE	0.2	0	Pt101	47	TRUE	IV	PD1	Nivolumab	PD1	27.4	0:LIVING	FALSE	White	TRUE	2	Female	
Pt101_pre	Skin	Melanoma	Melanoma	6	0	0	0	ad-4894+ar-8834+nd-4797+nr-ctrl	TRUE	14	MEL	Ipilimumab	Partial Response	Pre	1	Matched	False FFPE	11	FALSE	TRUE	0.466666667	0	Pt101	47	TRUE	IV	PD1	Nivolumab	PD1	27.4	0:LIVING	FALSE	White	TRUE	2	Female	
Pt103_on	Skin	Melanoma	Melanoma	3	0	1	4	ad-4897+ar-8871+nd-4840+nr-ctrl	TRUE	41	MEL	Ipilimumab	Progressive Disease	On	7	Matched	False FFPE	3	TRUE	FALSE	1.366666667	0	Pt103	52	FALSE	IV	PD1	Nivolumab	PD1	15.9	0:LIVING	TRUE	Asian	FALSE	2	Female	
Pt103_pre	Skin	Melanoma	Melanoma	2	0	0	0	ad-4820+ar-8872+nd-4840+nr-ctrl	TRUE	22	MEL	Ipilimumab	Progressive Disease	Pre	3	Matched	False FFPE	12	FALSE	TRUE	0.733333333	0	Pt103	52	FALSE	IV	PD1	Nivolumab	PD1	15.9	0:LIVING	TRUE	Asian	FALSE	2	Female	
Pt105_on	Skin	Melanoma	Melanoma					ar-8844			MEL			On		Matched	False FFPE		FALSE	FALSE			Pt105				PD1	Nivolumab	PD1						1		
Pt106_on	Skin	Melanoma	Melanoma					ar-8927	TRUE		MEL	Ipilimumab	Progressive Disease	On		Matched	False FFPE		FALSE	FALSE			Pt106	53	FALSE	IV	PD1	Nivolumab	PD1	2.99	1:DECEASED	TRUE	White	FALSE	2	Male	Mucosal
Pt106_pre	Skin	Melanoma	Melanoma	13	0	1	3	ad-4830+ar-8926+nd-4814+nr-ctrl	TRUE	728	MEL	Ipilimumab	Progressive Disease	Pre	118	Matched	False FFPE	7	FALSE	FALSE	24.2	0	Pt106	53	FALSE	IV	PD1	Nivolumab	PD1	2.99	1:DECEASED	TRUE	White	FALSE	2	Male	Mucosal
Pt108_on	Skin	Melanoma	Melanoma					ar-8845	TRUE		MEL	Ipilimumab	Stable Disease	On		Matched	False FFPE		FALSE	FALSE			Pt108	37	TRUE	IV	PD1	Nivolumab	PD1	29.99	0:LIVING	FALSE	White	FALSE	1	Female	Other
Pt10_on	Skin	Melanoma	Melanoma	7	0	3	1	ad-4751+ar-8888+nd-4829+nr-ctrl	TRUE	77	MEL		Stable Disease	On	18	Matched	False FFPE	3	FALSE	FALSE	2.566666667	0	Pt10	81	TRUE	IV	PD1	Nivolumab	PD1	8.41	1:DECEASED	FALSE	White	FALSE	2	Female	
Pt10_pre	Skin	Melanoma	Melanoma	3	0	1	0	ad-4764+ar-8887+nd-4829+nr-ctrl	TRUE	92	MEL		Stable Disease	Pre	9	Matched	False FFPE	0	TRUE	FALSE	3.066666667	0	Pt10	81	TRUE	IV	PD1	Nivolumab	PD1	8.41	1:DECEASED	FALSE	White	FALSE	2	Female	
Pt11_on	Skin	Melanoma	Melanoma	3	0	0	1	ad-4803+ar-8917+nd-4865+nr-ctrl		122	MEL		Progressive Disease	On	18	Matched	False FFPE	5	FALSE	TRUE	4.033333333	0	Pt11	61	FALSE		PD1	Nivolumab	PD1	27.5	1:DECEASED	TRUE	White	FALSE	2	Female	
Pt11_pre	Skin	Melanoma	Melanoma	8	0	0	0	ad-4846+ar-8916+nd-4865+nr-ctrl		109	MEL		Progressive Disease	Pre	14	Matched	False FFPE	4	FALSE	FALSE	3.6	0	Pt11	61	FALSE		PD1	Nivolumab	PD1	27.5	1:DECEASED	TRUE	White	FALSE	2	Female	
Pt13_on	Skin	Melanoma	Melanoma	3	0	1	2	ad-4774+ar-8918+nd-4772+nr-ctrl		174	MEL		Progressive Disease	On	21	Matched	False FFPE	14	FALSE	FALSE	5.766666667	0	Pt13	67	FALSE		PD1	Nivolumab	PD1	9.2	1:DECEASED	TRUE	White	FALSE	1	Male	
Pt16_on	Skin	Melanoma	Melanoma					ar-8919			MEL			On		Matched	False FFPE		TRUE	FALSE			Pt16				PD1	Nivolumab	PD1						1		
Pt17_on	Skin	Melanoma	Melanoma	1	0	0	2	ad-4827+ar-8889+nd-4780+nr-ctrl	TRUE	33	MEL	Ipilimumab	Progressive Disease	On	5	Matched	False FFPE	5	FALSE	FALSE	1.1	0	Pt17	48	FALSE	IV	PD1	Nivolumab	PD1	1.87	1:DECEASED	TRUE	White	FALSE	2	Female	
Pt17_pre	Skin	Melanoma	Melanoma	4	0	1	0	ad-4905+ar-8890+nd-4780+nr-ctrl	TRUE	30	MEL	Ipilimumab	Progressive Disease	Pre	4	Matched	False FFPE	5	TRUE	FALSE	1	0	Pt17	48	FALSE	IV	PD1	Nivolumab	PD1	1.87	1:DECEASED	TRUE	White	FALSE	2	Female	
Pt18_on	Skin	Melanoma	Melanoma	2	0	1	0	ad-4817+ar-8892+nd-4889+nr-ctrl	TRUE	10	MEL		Partial Response	On	0	Matched	False FFPE	8	FALSE	FALSE	0.333333333	0	Pt18	53	TRUE	IV	PD1	Nivolumab	PD1	35.25	0:LIVING	FALSE	White	TRUE	2	Male	
Pt18_pre	Skin	Melanoma	Melanoma	16	0	2	1	ad-4891+ar-8891+nd-4889+nr-ctrl	TRUE	235	MEL		Partial Response	Pre	46	Matched	False FFPE	9	FALSE	FALSE	7.833333333	0	Pt18	53	TRUE	IV	PD1	Nivolumab	PD1	35.25	0:LIVING	FALSE	White	TRUE	2	Male	
Pt1_on	Skin	Melanoma	Melanoma					ar-8814	TRUE		MEL	Ipilimumab	Progressive Disease	On		Matched	False FFPE		FALSE	FALSE			Pt1		FALSE	IV	PD1	Nivolumab	PD1	5.26	1:DECEASED	TRUE		FALSE	2		
Pt1_pre	Skin	Melanoma	Melanoma					ar-8813	TRUE		MEL	Ipilimumab	Progressive Disease	Pre		Matched	False FFPE		FALSE	TRUE			Pt1		FALSE	IV	PD1	Nivolumab	PD1	5.26	1:DECEASED	TRUE		FALSE	2		
Pt23_on	Skin	Melanoma	Melanoma	9	0	1	2	ad-4899+ar-8817+nd-4767+nr-ctrl	TRUE	717	MEL			On	143	Matched	False FFPE	8	FALSE	FALSE	23.9	0	Pt23	53		IV	PD1	Nivolumab	PD1	1.71	1:DECEASED		White		2	Female	
Pt23_pre	Skin	Melanoma	Melanoma	10	0	0	0	ad-4770+ar-8818+nd-4767+nr-ctrl	TRUE	656	MEL			Pre	123	Matched	False FFPE	6	FALSE	FALSE	21.86666667	0	Pt23	53		IV	PD1	Nivolumab	PD1	1.71	1:DECEASED		White		2	Female	
Pt24_pre	Skin	Melanoma	Melanoma	2	0	1	0	ad-4799+ar-8906+nd-4768+nr-ctrl	TRUE	26	MEL		Progressive Disease	Pre	0	Matched	False FFPE	2	FALSE	TRUE	0.866666667	0	Pt24	63	FALSE	IV	PD1	Nivolumab	PD1	4.89	0:LIVING	TRUE	White	FALSE	1	Male	Other
Pt26_on	Skin	Melanoma	Melanoma	4	0	0	0	ad-4795+ar-8921+nd-4760+nr-ctrl	TRUE	117	MEL	Ipilimumab	Stable Disease	On	26	Matched	False FFPE	3	FALSE	FALSE	3.866666667	0	Pt26	22	TRUE	IV	PD1	Nivolumab	PD1	31.27	0:LIVING	FALSE	White	FALSE	2	Female	Mucosal
Pt26_pre	Skin	Melanoma	Melanoma	2	0	1	0	ad-4847+ar-8920+nd-4760+nr-ctrl	TRUE	118	MEL	Ipilimumab	Stable Disease	Pre	23	Matched	False FFPE	4	FALSE	FALSE	3.9	0	Pt26	22	TRUE	IV	PD1	Nivolumab	PD1	31.27	0:LIVING	FALSE	White	FALSE	2	Female	Mucosal
Pt27_on	Skin	Melanoma	Melanoma	3	0	1	2	ad-4785+ar-8907+nd-4915+nr-ctrl	TRUE	189	MEL		Progressive Disease	On	29	Matched	False FFPE	5	FALSE	FALSE	6.3	0	Pt27	65	FALSE	IV	PD1	Nivolumab	PD1	15.6	1:DECEASED	TRUE	White	FALSE	2	Male	
Pt27_pre	Skin	Melanoma	Melanoma	1	0	1	0	ad-4917+ar-8908+nd-4915+nr-ctrl	TRUE	195	MEL		Progressive Disease	Pre	12	Matched	False FFPE	4	FALSE	TRUE	6.5	0	Pt27	65	FALSE	IV	PD1	Nivolumab	PD1	15.6	1:DECEASED	TRUE	White	FALSE	2	Male	
Pt28_on	Skin	Melanoma	Melanoma	8	0	4	1	ad-4813+ar-8923+nd-4826+nr-ctrl		63	MEL		Progressive Disease	On	18	Matched	False FFPE	12	FALSE	FALSE	2.1	0	Pt28	79	FALSE		PD1	Nivolumab	PD1	24.31	1:DECEASED	TRUE	White	FALSE	2	Female	
Pt28_pre	Skin	Melanoma	Melanoma	6	0	5	2	ad-4776+ar-8922+nd-4826+nr-ctrl		47	MEL		Progressive Disease	Pre	6	Matched	False FFPE	13	FALSE	FALSE	1.566666667	0	Pt28	79	FALSE		PD1	Nivolumab	PD1	24.31	1:DECEASED	TRUE	White	FALSE	2	Female	
Pt29_pre	Skin	Melanoma	Melanoma	14	0	0	1	ad-4828+ar-8909+nd-4819+nr-ctrl	TRUE	402	MEL		Progressive Disease	Pre	89	Matched	False FFPE	8	FALSE	FALSE	13.36666667	0	Pt29	57	FALSE	IV	PD1	Nivolumab	PD1	8.97	1:DECEASED	TRUE	White	FALSE	1	Female	Other
Pt2_on	Skin	Melanoma	Melanoma					ar-8816	TRUE		MEL	Ipilimumab	Stable Disease	On		Matched	False FFPE		FALSE	TRUE			Pt2		TRUE	IV	PD1	Nivolumab	PD1	9.03	1:DECEASED	FALSE		FALSE	2		Other
Pt2_pre	Skin	Melanoma	Melanoma					ar-8815	TRUE		MEL	Ipilimumab	Stable Disease	Pre		Matched	False FFPE		FALSE	TRUE			Pt2		TRUE	IV	PD1	Nivolumab	PD1	9.03	1:DECEASED	FALSE		FALSE	2		Other
Pt30_on	Skin	Melanoma	Melanoma	2	0	2	3	ad-4836+ar-8910+nd-4756+nr-ctrl	TRUE	16	MEL		Complete Response	On	3	Matched	False FFPE	6	FALSE	FALSE	0.533333333	0	Pt30	89	TRUE	IV	PD1	Nivolumab	PD1	34.59	0:LIVING	FALSE	White	TRUE	2	Female	Mucosal
Pt30_pre	Skin	Melanoma	Melanoma	27	0	3	1	ad-4907+ar-8911+nd-4756+nr-ctrl	TRUE	66	MEL		Complete Response	Pre	11	Matched	False FFPE	5	FALSE	FALSE	2.2	0	Pt30	89	TRUE	IV	PD1	Nivolumab	PD1	34.59	0:LIVING	FALSE	White	TRUE	2	Female	Mucosal
Pt31_on	Skin	Melanoma	Melanoma	19	0	1	2	ad-4807+ar-8912+nd-4885+nr-ctrl	TRUE	470	MEL		Progressive Disease	On	104	Matched	False FFPE	18	FALSE	FALSE	15.66666667	0	Pt31	56	FALSE	IV	PD1	Nivolumab	PD1	31.57	0:LIVING	TRUE	White	FALSE	2	Female	Other
Pt31_pre	Skin	Melanoma	Melanoma	12	0	0	2	ad-4867+ar-8913+nd-4885+nr-ctrl	TRUE	462	MEL		Progressive Disease	Pre	74	Matched	False FFPE	17	FALSE	TRUE	15.4	0	Pt31	56	FALSE	IV	PD1	Nivolumab	PD1	31.57	0:LIVING	TRUE	White	FALSE	2	Female	Other
Pt32_on	Skin	Melanoma	Melanoma					ar-8893	TRUE		MEL	Ipilimumab	Progressive Disease	On		Matched	False FFPE		FALSE	TRUE			Pt32	34	FALSE	IV	PD1	Nivolumab	PD1	3.75	0:LIVING	TRUE	White	FALSE	1	Male	
Pt34_on	Skin	Melanoma	Melanoma	1	0	0	0	ad-4746+ar-8928+nd-4860+nr-ctrl	TRUE	12	MEL	Ipilimumab	Partial Response	On	0	Matched	False FFPE	4	FALSE	TRUE	0.4	0	Pt34	71	TRUE	IV	PD1	Nivolumab	PD1	27.4	0:LIVING	FALSE	White	TRUE	2	Male	
Pt34_pre	Skin	Melanoma	Melanoma	10	0	0	0	ad-4834+ar-8929+nd-4860+nr-ctrl	TRUE	232	MEL	Ipilimumab	Partial Response	Pre	26	Matched	False FFPE	8	FALSE	TRUE	7.733333333	0	Pt34	71	TRUE	IV	PD1	Nivolumab	PD1	27.4	0:LIVING	FALSE	White	TRUE	2	Male	
Pt35_on	Skin	Melanoma	Melanoma					ar-8930			MEL			On		Matched	False FFPE		FALSE	FALSE			Pt35				PD1	Nivolumab	PD1						1		
Pt36_on	Skin	Melanoma	Melanoma					ar-8899	TRUE		MEL	Ipilimumab	Stable Disease	On		Matched	False FFPE		FALSE	TRUE			Pt36	58	TRUE	IV	PD1	Nivolumab	PD1	35.51	0:LIVING	FALSE	White	FALSE	2	Male	
Pt36_pre	Skin	Melanoma	Melanoma	2	0	2	0	ad-4849+ar-8898+nd-4763+nr-ctrl	TRUE	6	MEL	Ipilimumab	Stable Disease	Pre	0	Matched	False FFPE	3	TRUE	FALSE	0.2	0	Pt36	58	TRUE	IV	PD1	Nivolumab	PD1	35.51	0:LIVING	FALSE	White	FALSE	2	Male	
Pt37_on	Skin	Melanoma	Melanoma	5	0	2	0	ad-4835+ar-8903+nd-4919+nr-ctrl	TRUE	29	MEL	Ipilimumab	Stable Disease	On	2	Matched	False FFPE	7	FALSE	FALSE	0.966666667	0	Pt37	63	TRUE	IV	PD1	Nivolumab	PD1	21.22	1:DECEASED	FALSE	White	FALSE	2	Male	
Pt37_pre	Skin	Melanoma	Melanoma	10	0	2	1	ad-4904+ar-8900+nd-4919+nr-ctrl	TRUE	35	MEL	Ipilimumab	Stable Disease	Pre	4	Matched	False FFPE	5	FALSE	FALSE	1.166666667	0	Pt37	63	TRUE	IV	PD1	Nivolumab	PD1	21.22	1:DECEASED	FALSE	White	FALSE	2	Male	
Pt38_on	Skin	Melanoma	Melanoma					ar-8894	TRUE		MEL	Ipilimumab	Stable Disease	On		Matched	False FFPE		TRUE	FALSE			Pt38	54	TRUE	IV	PD1	Nivolumab	PD1	5.49	1:DECEASED	FALSE	White	FALSE	2	Female	
Pt38_pre	Skin	Melanoma	Melanoma	2	0	0	3	ad-4786+ar-8895+nd-4769+nr-ctrl	TRUE	358	MEL	Ipilimumab	Stable Disease	Pre	136	Matched	False FFPE	7	TRUE	FALSE	11.86666667	0	Pt38	54	TRUE	IV	PD1	Nivolumab	PD1	5.49	1:DECEASED	FALSE	White	FALSE	2	Female	
Pt39_pre	Skin	Melanoma	Melanoma					ar-8819	TRUE		MEL	Ipilimumab	Progressive Disease	Pre		Matched	False FFPE		TRUE	FALSE			Pt39		FALSE	IV	PD1	Nivolumab	PD1	5.45	1:DECEASED	TRUE		FALSE	1		Mucosal
Pt3_on	Skin	Melanoma	Melanoma	7	0	1	2	ad-4789+ar-8877+nd-4912+nr-ctrl		183	MEL		Partial Response	On	15	Matched	False FFPE	4	FALSE	FALSE	6.1	0	Pt3	52	TRUE		PD1	Nivolumab	PD1	37.58	0:LIVING	FALSE	White	TRUE	2	Male	
Pt3_pre	Skin	Melanoma	Melanoma	5	0	1	3	ad-4838+ar-8878+nd-4912+nr-ctrl		191	MEL		Partial Response	Pre	30	Matched	False FFPE	3	TRUE	FALSE	6.366666667	0	Pt3	52	TRUE		PD1	Nivolumab	PD1	37.58	0:LIVING	FALSE	White	TRUE	2	Male	
Pt44_on	Skin	Melanoma	Melanoma	4	0	1	0	ad-4884+ar-8925+nd-4900+nr-ctrl		14	MEL		Partial Response	On	0	Matched	False FFPE	5	FALSE	FALSE	0.433333333	0	Pt44	61	TRUE		PD1	Nivolumab	PD1	35.91	0:LIVING	FALSE	White	TRUE	2	Male	Mucosal
Pt44_pre	Skin	Melanoma	Melanoma	14	0	3	2	ad-4866+ar-8924+nd-4900+nr-ctrl		397	MEL		Partial Response	Pre	123	Matched	False FFPE	7	FALSE	TRUE	13.23333333	0	Pt44	61	TRUE		PD1	Nivolumab	PD1	35.91	0:LIVING	FALSE	White	TRUE	2	Male	Mucosal
Pt46_on	Skin	Melanoma	Melanoma					ar-8905	TRUE		MEL	Ipilimumab	Progressive Disease	On		Matched	False FFPE		FALSE	TRUE			Pt46	79	FALSE	IV	PD1	Nivolumab	PD1	7.46	1:DECEASED	TRUE	White	FALSE	2	Male	Other
Pt46_pre	Skin	Melanoma	Melanoma	3	0	1	0	ad-4793+ar-8904+nd-4832+nr-ctrl	TRUE	217	MEL	Ipilimumab	Progressive Disease	Pre	3	Matched	False FFPE	10	FALSE	TRUE	7.233333333	0	Pt46	79	FALSE	IV	PD1	Nivolumab	PD1	7.46	1:DECEASED	TRUE	White	FALSE	2	Male	Other
Pt47_on	Skin	Melanoma	Melanoma	18	0	1	3	ad-4879+ar-8837+nd-4788+nr-ctrl	TRUE	1029	MEL	Ipilimumab	Progressive Disease	On	214	Matched	False FFPE	4	FALSE	FALSE	34.26666667	0	Pt47	52	FALSE	IV	PD1	Nivolumab	PD1	23.59	1:DECEASED	TRUE	White	FALSE	2	Male	
Pt47_pre	Skin	Melanoma	Melanoma					ar-8836	TRUE		MEL	Ipilimumab	Progressive Disease	Pre		Matched	False FFPE		FALSE	FALSE			Pt47	52	FALSE	IV	PD1	Nivolumab	PD1	23.59	1:DECEASED	TRUE	White	FALSE	2	Male	
Pt48_on	Skin	Melanoma	Melanoma	0	0	1	2	ad-4878+ar-8896+nd-4861+nr-ctrl	TRUE	9	MEL	Ipilimumab	Complete Response	On	2	Matched	False FFPE	11	FALSE	TRUE	0.3	0	Pt48	44	TRUE	IV	PD1	Nivolumab	PD1	34.36	0:LIVING	FALSE	White	TRUE	2	Male	
Pt48_pre	Skin	Melanoma	Melanoma	6	0	1	1	ad-4802+ar-8897+nd-4861+nr-ctrl	TRUE	169	MEL	Ipilimumab	Complete Response	Pre	10	Matched	False FFPE	22	FALSE	TRUE	5.633333333	0	Pt48	44	TRUE	IV	PD1	Nivolumab	PD1	34.36	0:LIVING	FALSE	White	TRUE	2	Male	
Pt49_on	Skin	Melanoma	Melanoma					ar-8825			MEL	Ipilimumab	Partial Response	On		Matched	False FFPE		FALSE	TRUE			Pt49	52	TRUE		PD1	Nivolumab	PD1	27.17	0:LIVING	FALSE	White	TRUE	2	Female	
Pt49_pre	Skin	Melanoma	Melanoma	22	0	3	0	ad-4833+ar-8824+nd-4823+nr-ctrl		846	MEL	Ipilimumab	Partial Response	Pre	85	Matched	False FFPE	11	FALSE	FALSE	28.2	0	Pt49	52	TRUE		PD1	Nivolumab	PD1	27.17	0:LIVING	FALSE	White	TRUE	2	Female	
Pt4_on	Skin	Melanoma	Melanoma					ar-8879	TRUE		MEL		Stable Disease	On		Matched	False FFPE		FALSE	FALSE			Pt4	62	TRUE	IV	PD1	Nivolumab	PD1	20.8	1:DECEASED	FALSE	White	FALSE	2	Female	
Pt4_pre	Skin	Melanoma	Melanoma	6	0	0	2	ad-4818+ar-8880+nd-4893+nr-ctrl	TRUE	279	MEL		Stable Disease	Pre	73	Matched	False FFPE	3	FALSE	FALSE	9.3	0	Pt4	62	TRUE	IV	PD1	Nivolumab	PD1	20.8	1:DECEASED	FALSE	White	FALSE	2	Female	
Pt52_on	Skin	Melanoma	Melanoma	18	0	0	1	ad-4783+ar-8838+nd-4791+nr-ctrl	TRUE	388	MEL	Ipilimumab	Progressive Disease	On	75	Matched	False FFPE	4	FALSE	FALSE	12.93333333	0	Pt52	45	FALSE	IV	PD1	Nivolumab	PD1	15.64	1:DECEASED	TRUE	White	FALSE	2	Female	
Pt52_pre	Skin	Melanoma	Melanoma	13	0	0	1	ad-4778+ar-8839+nd-4791+nr-ctrl	TRUE	366	MEL	Ipilimumab	Progressive Disease	Pre	41	Matched	False FFPE	4	FALSE	FALSE	12.2	0	Pt52	45	FALSE	IV	PD1	Nivolumab	PD1	15.64	1:DECEASED	TRUE	White	FALSE	2	Female	
Pt58_on	Skin	Melanoma	Melanoma	8	0	0	2	ad-4859+ar-8820+nd-4798+nr-ctrl	TRUE	1344	MEL	Ipilimumab	Stable Disease	On	306	Matched	False FFPE	4	FALSE	TRUE	44.8	0	Pt58	53	TRUE	IV	PD1	Nivolumab	PD1	16.39	1:DECEASED	FALSE	White	FALSE	1	Female	
Pt59_pre	Skin	Melanoma	Melanoma	12	0	0	1	ad-4848+ar-8821+nd-4821+nr-ctrl	TRUE	452	MEL		Stable Disease	Pre	90	Matched	False FFPE	21	FALSE	FALSE	15.03333333	1	Pt59	49	TRUE	IV	PD1	Nivolumab	PD1	23.26	1:DECEASED	FALSE	White	FALSE	1	Female	
Pt5_on	Skin	Melanoma	Melanoma	10	0	5	2	ad-4916+ar-8882+nd-4809+nr-ctrl	TRUE	64	MEL		Progressive Disease	On	17	Matched	False FFPE	5	FALSE	TRUE	2.133333333	0	Pt5	58	FALSE	IV	PD1	Nivolumab	PD1	7.29	1:DECEASED	TRUE	White	FALSE	2	Female	
Pt5_pre	Skin	Melanoma	Melanoma	1	0	3	1	ad-4862+ar-8883+nd-4809+nr-ctrl	TRUE	56	MEL		Progressive Disease	Pre	12	Matched	False FFPE	34	FALSE	FALSE	1.866666667	0	Pt5	58	FALSE	IV	PD1	Nivolumab	PD1	7.29	1:DECEASED	TRUE	White	FALSE	2	Female	
Pt62_on	Skin	Melanoma	Melanoma					ar-8855	TRUE		MEL		Progressive Disease	On		Matched	False FFPE		FALSE	FALSE			Pt62		FALSE	IV	PD1	Nivolumab	PD1	15.51	1:DECEASED	TRUE		FALSE	2		Ocular Uveal
Pt62_pre	Skin	Melanoma	Melanoma					ar-8856	TRUE		MEL		Progressive Disease	Pre		Matched	False FFPE		FALSE	FALSE			Pt62		FALSE	IV	PD1	Nivolumab	PD1	15.51	1:DECEASED	TRUE		FALSE	2		Ocular Uveal
Pt65_on	Skin	Melanoma	Melanoma					ar-8858	TRUE		MEL	Ipilimumab	Stable Disease	On		Matched	False FFPE		FALSE	FALSE			Pt65	63	TRUE	IV	PD1	Nivolumab	PD1	22.73	0:LIVING	FALSE	White	FALSE	2	Female	Acral
Pt65_pre	Skin	Melanoma	Melanoma	7	0	11	3	ad-4812+ar-8857+nd-4825+nr-ctrl	TRUE	2619	MEL	Ipilimumab	Stable Disease	Pre	723	Matched	False FFPE	13	FALSE	FALSE	87.3	0	Pt65	63	TRUE	IV	PD1	Nivolumab	PD1	22.73	0:LIVING	FALSE	White	FALSE	2	Female	Acral
Pt66_pre	Skin	Melanoma	Melanoma	23	0	1	2	ad-4843+ar-8826+nd-4887+nr-ctrl		146	MEL		Progressive Disease	Pre	27	Matched	False FFPE	3	TRUE	FALSE	4.8	0	Pt66	49	FALSE		PD1	Nivolumab	PD1	17.81	1:DECEASED	TRUE	White	FALSE	1	Female	
Pt67_on	Skin	Melanoma	Melanoma	0	0	0	0	ad-4853+ar-8841+nd-4898+nr-ctrl	TRUE	17	MEL	Ipilimumab	Stable Disease	On	1	Matched	False FFPE	17	FALSE	TRUE	0.566666667	0	Pt67	33	TRUE	IV	PD1	Nivolumab	PD1	33.9	0:LIVING	FALSE	White	FALSE	2	Female	Ocular Uveal
Pt67_pre	Skin	Melanoma	Melanoma	3	0	1	0	ad-4864+ar-8840+nd-4898+nr-ctrl	TRUE	12	MEL	Ipilimumab	Stable Disease	Pre	1	Matched	False FFPE	27	FALSE	TRUE	0.4	0	Pt67	33	TRUE	IV	PD1	Nivolumab	PD1	33.9	0:LIVING	FALSE	White	FALSE	2	Female	Ocular Uveal
Pt68_on	Skin	Melanoma	Melanoma					ar-8859	TRUE		MEL	Ipilimumab	Partial Response	On		Matched	False FFPE		TRUE	FALSE			Pt68	69	TRUE	IV	PD1	Nivolumab	PD1	27.66	0:LIVING	FALSE	White	TRUE	1	Male	
Pt69_on	Skin	Melanoma	Melanoma					ar-8860			MEL			On		Matched	False FFPE		FALSE	FALSE			Pt69				PD1	Nivolumab	PD1						1		
Pt72_pre	Skin	Melanoma	Melanoma	8	0	1	1	ad-4858+ar-8861+nd-4800+nr-ctrl	TRUE	505	MEL		Partial Response	Pre	79	Matched	False FFPE	4	TRUE	FALSE	16.83333333	0	Pt72	43	TRUE	IV	PD1	Nivolumab	PD1	25.3	1:DECEASED	FALSE	White	TRUE	1	Female	
Pt76_pre	Skin	Melanoma	Melanoma	7	0	0	3	ad-4842+ar-8827+nd-4877+nr-ctrl	TRUE	255	MEL			Pre	35	Matched	False FFPE	5	TRUE	FALSE	8.5	0	Pt76	60		IV	PD1	Nivolumab	PD1	0.33	1:DECEASED		White		1	Male	
Pt77_on	Skin	Melanoma	Melanoma					ar-8847	TRUE		MEL		Stable Disease	On		Matched	False FFPE		FALSE	FALSE			Pt77	56	TRUE	IV	PD1	Nivolumab	PD1	15.47	1:DECEASED	FALSE	White	FALSE	2	Female	
Pt77_pre	Skin	Melanoma	Melanoma	4	0	1	0	ad-4883+ar-8846+nd-4811+nr-ctrl	TRUE	53	MEL		Stable Disease	Pre	6	Matched	False FFPE	26	FALSE	FALSE	1.766666667	0	Pt77	56	TRUE	IV	PD1	Nivolumab	PD1	15.47	1:DECEASED	FALSE	White	FALSE	2	Female	
Pt78_on	Skin	Melanoma	Melanoma					ar-8862	TRUE		MEL	Ipilimumab	Progressive Disease	On		Matched	False FFPE		FALSE	FALSE			Pt78		FALSE	IV	PD1	Nivolumab	PD1	2.56	1:DECEASED	TRUE		FALSE	2		
Pt78_pre	Skin	Melanoma	Melanoma					ar-8864	TRUE		MEL	Ipilimumab	Progressive Disease	Pre		Matched	False FFPE		TRUE	FALSE			Pt78		FALSE	IV	PD1	Nivolumab	PD1	2.56	1:DECEASED	TRUE		FALSE	2		
Pt79_on	Skin	Melanoma	Melanoma					ar-8848			MEL	Ipilimumab	Stable Disease	On		Matched	False FFPE		FALSE	FALSE			Pt79	64	TRUE		PD1	Nivolumab	PD1	7.16	1:DECEASED	FALSE	White	FALSE	2	Male	Other
Pt79_pre	Skin	Melanoma	Melanoma					ar-8849			MEL	Ipilimumab	Stable Disease	Pre		Matched	False FFPE		FALSE	FALSE			Pt79	64	TRUE		PD1	Nivolumab	PD1	7.16	1:DECEASED	FALSE	White	FALSE	2	Male	Other
Pt80_on	Skin	Melanoma	Melanoma					ar-8865			MEL			On		Matched	False FFPE		FALSE	TRUE			Pt80				PD1	Nivolumab	PD1						1		
Pt81_on	Skin	Melanoma	Melanoma					ar-8828			MEL			On		Matched	False FFPE		FALSE	FALSE			Pt81				PD1	Nivolumab	PD1						1		
Pt82_on	Skin	Melanoma	Melanoma	4	0	1	2	ad-4881+ar-8823+nd-4822+nr-ctrl	TRUE	42	MEL	Ipilimumab	Stable Disease	On	9	Matched	False FFPE	15	FALSE	TRUE	1.4	0	Pt82	60	TRUE	IV	PD1	Nivolumab	PD1	14.09	1:DECEASED	FALSE	White	FALSE	2	Female	Ocular Uveal
Pt82_pre	Skin	Melanoma	Melanoma	2	0	2	2	ad-4869+ar-8822+nd-4822+nr-ctrl	TRUE	42	MEL	Ipilimumab	Stable Disease	Pre	8	Matched	False FFPE	5	FALSE	FALSE	1.4	0	Pt82	60	TRUE	IV	PD1	Nivolumab	PD1	14.09	1:DECEASED	FALSE	White	FALSE	2	Female	Ocular Uveal
Pt84_on	Skin	Melanoma	Melanoma					ar-8851	TRUE		MEL		Progressive Disease	On		Matched	False FFPE		TRUE	FALSE			Pt84	48	FALSE	IV	PD1	Nivolumab	PD1	4.96	1:DECEASED	TRUE	White	FALSE	2	Female	Other
Pt84_pre	Skin	Melanoma	Melanoma	1	0	0	2	ad-4749+ar-8850+nd-4752+nr-ctrl	TRUE	18	MEL		Progressive Disease	Pre	4	Matched	False FFPE	3	TRUE	FALSE	0.6	0	Pt84	48	FALSE	IV	PD1	Nivolumab	PD1	4.96	1:DECEASED	TRUE	White	FALSE	2	Female	Other
Pt85_on	Skin	Melanoma	Melanoma					ar-8830	TRUE		MEL	Ipilimumab	Progressive Disease	On		Matched	False FFPE		TRUE	FALSE			Pt85	66	FALSE	IV	PD1	Nivolumab	PD1	29.7	0:LIVING	TRUE	White	FALSE	2	Male	
Pt85_pre	Skin	Melanoma	Melanoma	2	0	0	0	ad-4911+ar-8829+nd-4794+nr-ctrl	TRUE	127	MEL	Ipilimumab	Progressive Disease	Pre	43	Matched	False FFPE	7	TRUE	FALSE	4.233333333	0	Pt85	66	FALSE	IV	PD1	Nivolumab	PD1	29.7	0:LIVING	TRUE	White	FALSE	2	Male	
Pt87_on	Skin	Melanoma	Melanoma					ar-8852			MEL		Stable Disease	On		Matched	False FFPE		FALSE	FALSE			Pt87	68	TRUE		PD1	Nivolumab	PD1	32	0:LIVING	FALSE	White	FALSE	1	Male	
Pt89_on	Skin	Melanoma	Melanoma	14	0	1	0	ad-4872+ar-8832+nd-4837+nr-ctrl	TRUE	207	MEL		Stable Disease	On	44	Matched	False FFPE	7	FALSE	FALSE	6.9	0	Pt89	56	TRUE	IV	PD1	Nivolumab	PD1	27.73	1:DECEASED	FALSE	White	FALSE	2	Male	
Pt89_pre	Skin	Melanoma	Melanoma	15	0	0	0	ad-4873+ar-8831+nd-4837+nr-ctrl	TRUE	214	MEL		Stable Disease	Pre	49	Matched	False FFPE	7	TRUE	FALSE	7.133333333	1	Pt89	56	TRUE	IV	PD1	Nivolumab	PD1	27.73	1:DECEASED	FALSE	White	FALSE	2	Male	
Pt8_on	Skin	Melanoma	Melanoma	1	0	0	4	ad-4771+ar-8915+nd-4787+nr-ctrl	FALSE	103	MEL		Progressive Disease	On	27	Matched	False FFPE	8	FALSE	FALSE	3.4	0	Pt8	40	FALSE	III	PD1	Nivolumab	PD1	8.51	1:DECEASED	TRUE	White	FALSE	2	Male	Mucosal
Pt8_pre	Skin	Melanoma	Melanoma	1	0	0	0	ad-4777+ar-8914+nd-4787+nr-ctrl	FALSE	96	MEL		Progressive Disease	Pre	21	Matched	False FFPE	4	FALSE	FALSE	3.166666667	0	Pt8	40	FALSE	III	PD1	Nivolumab	PD1	8.51	1:DECEASED	TRUE	White	FALSE	2	Male	Mucosal
Pt90_pre	Skin	Melanoma	Melanoma	14	0	4	2	ad-4876+ar-8866+nd-4850+nr-ctrl	TRUE	716	MEL	Ipilimumab	Progressive Disease	Pre	129	Matched	False FFPE	27	FALSE	TRUE	23.86666667	0	Pt90	60	FALSE	IV	PD1	Nivolumab	PD1	5.72	1:DECEASED	TRUE	White	FALSE	1	Female	Mucosal
Pt92_on	Skin	Melanoma	Melanoma	13	0	2	1	ad-4882+ar-8870+nd-4874+nr-ctrl		658	MEL	Ipilimumab	Stable Disease	On	80	Matched	False FFPE	5	FALSE	TRUE	21.93333333	0	Pt92	58	TRUE		PD1	Nivolumab	PD1	10.94	1:DECEASED	FALSE	White	FALSE	2	Male	
Pt92_pre	Skin	Melanoma	Melanoma	11	0	0	0	ad-4871+ar-8867+nd-4874+nr-ctrl		660	MEL	Ipilimumab	Stable Disease	Pre	108	Matched	False FFPE	5	FALSE	TRUE	22	0	Pt92	58	TRUE		PD1	Nivolumab	PD1	10.94	1:DECEASED	FALSE	White	FALSE	2	Male	
Pt93_on	Skin	Melanoma	Melanoma	10	0	1	2	ad-4906+ar-8833+nd-4815+nr-ctrl	TRUE	409	MEL	Ipilimumab	Progressive Disease	On	68	Matched	False FFPE	5	FALSE	FALSE	13.56666667	0	Pt93	52	FALSE	IV	PD1	Nivolumab	PD1	27.89	0:LIVING	TRUE	White	FALSE	1	Male	
Pt94_on	Skin	Melanoma	Melanoma					ar-8842	TRUE		MEL		Complete Response	On		Matched	False FFPE		FALSE	TRUE			Pt94	41	TRUE	IV	PD1	Nivolumab	PD1	32.23	0:LIVING	FALSE	White	TRUE	2	Male	
Pt94_pre	Skin	Melanoma	Melanoma	6	0	2	1	ad-4886+ar-8843+nd-4855+nr-ctrl	TRUE	403	MEL		Complete Response	Pre	71	Matched	False FFPE	9	FALSE	FALSE	13.43333333	0	Pt94	41	TRUE	IV	PD1	Nivolumab	PD1	32.23	0:LIVING	FALSE	White	TRUE	2	Male	
Pt98_on	Skin	Melanoma	Melanoma					ar-8854	TRUE		MEL	Ipilimumab	Stable Disease	On		Matched	False FFPE		FALSE	TRUE			Pt98	74	TRUE	IV	PD1	Nivolumab	PD1	24.54	1:DECEASED	FALSE	White	FALSE	2	Male	Ocular Uveal
Pt98_pre	Skin	Melanoma	Melanoma	10	0	0	0	ad-4856+ar-8853+nd-4892+nr-ctrl	TRUE	23	MEL	Ipilimumab	Stable Disease	Pre	10	Matched	False FFPE	14	FALSE	FALSE	0.733333333	0	Pt98	74	TRUE	IV	PD1	Nivolumab	PD1	24.54	1:DECEASED	FALSE	White	FALSE	2	Male	Ocular Uveal
Pt9_on	Skin	Melanoma	Melanoma	32	0	1	0	ad-4868+ar-8886+nd-4805+nr-ctrl	TRUE	398	MEL		Progressive Disease	On	99	Matched	False FFPE	7	TRUE	FALSE	13.23333333	0	Pt9	46	FALSE	IV	PD1	Nivolumab	PD1	3.02	1:DECEASED	TRUE	White	FALSE	2	Male	
Pt9_pre	Skin	Melanoma	Melanoma	28	0	1	0	ad-4839+ar-8885+nd-4805+nr-ctrl	TRUE	396	MEL		Progressive Disease	Pre	84	Matched	False FFPE	6	TRUE	FALSE	13.16666667	0	Pt9	46	FALSE	IV	PD1	Nivolumab	PD1	3.02	1:DECEASED	TRUE	White	FALSE	2	Male	
